{"agg": {"Master’s degree": 155733.86878606863,"Bachelor’s degree": 183214.07720425344},
"count": {"Master’s degree": 9877,"Bachelor’s degree": 18056}}