{"agg": {"Under 18 years old": 122322.80434782608,"18-24 years old": 98973.17726161369},
"count": {"Under 18 years old": 46,"18-24 years old": 4908}}