{"agg": {"1": 54493.53112649251,"2": 33245.99771729759},
"count": {"1": 575876,"2": 612432}}