{"agg": {"I am deaf / hard of hearing": 328648.40476190473,"None of the above": 168402.31173104435},
"count": {"I am deaf / hard of hearing": 252,"None of the above": 34950}}